Source,Target,Type
2,1,Undirected
3,2,Undirected
4,1,Undirected
6,5,Undirected
7,2,Undirected
2,1,Undirected
4,1,Undirected
3,2,Undirected
3,1,Undirected
6,5,Undirected
7,1,Undirected
8,1,Undirected
7,2,Undirected
3,2,Undirected
4,1,Undirected
2,1,Undirected
3,1,Undirected
6,5,Undirected
9,3,Undirected
9,10,Undirected
7,2,Undirected
4,1,Undirected
2,1,Undirected
3,2,Undirected
6,5,Undirected
12,11,Undirected
9,10,Undirected
3,1,Undirected
7,2,Undirected
6,5,Undirected
4,1,Undirected
3,2,Undirected
2,1,Undirected
12,11,Undirected
13,5,Undirected
3,2,Undirected
2,1,Undirected
4,1,Undirected
7,2,Undirected
7,1,Undirected
6,5,Undirected
9,10,Undirected
7,14,Undirected
4,1,Undirected
2,1,Undirected
12,11,Undirected
3,2,Undirected
6,5,Undirected
9,10,Undirected
11,10,Undirected
7,2,Undirected
3,2,Undirected
2,1,Undirected
6,5,Undirected
4,1,Undirected
13,5,Undirected
4,1,Undirected
2,1,Undirected
3,2,Undirected
12,11,Undirected
9,10,Undirected
6,5,Undirected
7,2,Undirected
4,16,Undirected
7,1,Undirected
6,5,Undirected
12,11,Undirected
4,1,Undirected
3,2,Undirected
12,2,Undirected
2,1,Undirected
18,17,Undirected
20,19,Undirected
22,21,Undirected
24,23,Undirected
26,25,Undirected
28,27,Undirected
27,17,Undirected
30,29,Undirected
31,17,Undirected
32,31,Undirected
26,25,Undirected
18,17,Undirected
24,23,Undirected
20,19,Undirected
28,27,Undirected
34,33,Undirected
26,18,Undirected
20,26,Undirected
22,21,Undirected
28,27,Undirected
24,23,Undirected
21,28,Undirected
26,25,Undirected
20,19,Undirected
18,17,Undirected
28,24,Undirected
22,21,Undirected
19,28,Undirected
18,17,Undirected
20,19,Undirected
26,25,Undirected
22,21,Undirected
24,23,Undirected
28,27,Undirected
26,18,Undirected
30,29,Undirected
21,18,Undirected
24,23,Undirected
28,27,Undirected
26,25,Undirected
18,17,Undirected
28,24,Undirected
20,19,Undirected
21,28,Undirected
32,31,Undirected
22,21,Undirected
26,25,Undirected
24,23,Undirected
20,19,Undirected
18,17,Undirected
34,33,Undirected
28,27,Undirected
22,21,Undirected
30,29,Undirected
36,35,Undirected
22,21,Undirected
21,28,Undirected
18,17,Undirected
20,19,Undirected
24,23,Undirected
26,25,Undirected
28,27,Undirected
30,29,Undirected
21,18,Undirected
21,17,Undirected
24,23,Undirected
28,27,Undirected
26,25,Undirected
18,17,Undirected
20,19,Undirected
21,28,Undirected
22,21,Undirected
28,24,Undirected
32,31,Undirected
20,19,Undirected
18,17,Undirected
26,25,Undirected
24,23,Undirected
22,21,Undirected
30,29,Undirected
28,27,Undirected
20,26,Undirected
38,37,Undirected
28,27,Undirected
24,23,Undirected
18,17,Undirected
26,25,Undirected
20,19,Undirected
27,17,Undirected
22,21,Undirected
21,28,Undirected
30,29,Undirected
40,39,Undirected
40,41,Undirected
39,42,Undirected
44,43,Undirected
40,43,Undirected
40,42,Undirected
46,45,Undirected
40,47,Undirected
44,43,Undirected
48,43,Undirected
40,39,Undirected
43,42,Undirected
49,43,Undirected
40,43,Undirected
39,42,Undirected
50,43,Undirected
40,41,Undirected
52,51,Undirected
40,39,Undirected
39,42,Undirected
40,41,Undirected
39,41,Undirected
39,53,Undirected
44,43,Undirected
39,42,Undirected
40,39,Undirected
43,42,Undirected
40,41,Undirected
40,42,Undirected
54,42,Undirected
44,43,Undirected
46,45,Undirected
40,39,Undirected
39,53,Undirected
55,53,Undirected
39,42,Undirected
53,42,Undirected
53,56,Undirected
40,53,Undirected
40,41,Undirected
52,51,Undirected
40,41,Undirected
40,39,Undirected
39,41,Undirected
39,42,Undirected
46,45,Undirected
58,57,Undirected
40,42,Undirected
54,59,Undirected
60,41,Undirected
44,43,Undirected
44,43,Undirected
40,39,Undirected
40,41,Undirected
50,44,Undirected
39,42,Undirected
46,45,Undirected
40,39,Undirected
46,45,Undirected
40,41,Undirected
39,42,Undirected
40,45,Undirected
45,57,Undirected
45,42,Undirected
54,59,Undirected
54,45,Undirected
44,43,Undirected
40,39,Undirected
39,42,Undirected
54,42,Undirected
40,41,Undirected
54,59,Undirected
46,45,Undirected
43,42,Undirected
54,45,Undirected
58,57,Undirected
48,43,Undirected
52,51,Undirected
40,39,Undirected
48,61,Undirected
48,62,Undirected
63,61,Undirected
39,42,Undirected
48,64,Undirected
66,65,Undirected
67,65,Undirected
8,65,Undirected
68,65,Undirected
70,69,Undirected
72,71,Undirected
66,73,Undirected
75,74,Undirected
66,65,Undirected
70,69,Undirected
66,76,Undirected
66,73,Undirected
72,71,Undirected
67,65,Undirected
66,70,Undirected
75,74,Undirected
8,66,Undirected
66,65,Undirected
66,76,Undirected
70,69,Undirected
72,71,Undirected
66,73,Undirected
67,65,Undirected
70,76,Undirected
77,76,Undirected
75,74,Undirected
79,78,Undirected
67,65,Undirected
66,65,Undirected
70,69,Undirected
72,71,Undirected
8,65,Undirected
75,74,Undirected
68,65,Undirected
79,78,Undirected
70,69,Undirected
66,65,Undirected
72,71,Undirected
66,70,Undirected
70,76,Undirected
75,74,Undirected
79,78,Undirected
66,76,Undirected
66,73,Undirected
66,65,Undirected
66,73,Undirected
70,69,Undirected
72,71,Undirected
77,73,Undirected
67,65,Undirected
66,76,Undirected
75,74,Undirected
79,78,Undirected
70,73,Undirected
66,65,Undirected
67,65,Undirected
68,65,Undirected
70,69,Undirected
72,71,Undirected
8,65,Undirected
75,74,Undirected
66,73,Undirected
66,65,Undirected
70,69,Undirected
72,71,Undirected
75,74,Undirected
66,73,Undirected
79,78,Undirected
67,65,Undirected
66,76,Undirected
8,65,Undirected
77,73,Undirected
70,69,Undirected
66,65,Undirected
72,71,Undirected
75,74,Undirected
79,78,Undirected
66,76,Undirected
67,65,Undirected
77,73,Undirected
66,70,Undirected
66,65,Undirected
70,69,Undirected
72,71,Undirected
75,74,Undirected
79,78,Undirected
66,73,Undirected
67,65,Undirected
66,76,Undirected
77,76,Undirected
8,65,Undirected
81,80,Undirected
83,82,Undirected
81,84,Undirected
85,81,Undirected
87,86,Undirected
89,88,Undirected
90,80,Undirected
81,80,Undirected
83,82,Undirected
81,84,Undirected
87,86,Undirected
90,80,Undirected
92,91,Undirected
81,80,Undirected
83,82,Undirected
81,84,Undirected
87,86,Undirected
81,82,Undirected
89,88,Undirected
94,93,Undirected
81,80,Undirected
83,82,Undirected
87,86,Undirected
81,84,Undirected
94,93,Undirected
89,88,Undirected
96,95,Undirected
81,80,Undirected
83,82,Undirected
92,91,Undirected
87,86,Undirected
91,97,Undirected
81,84,Undirected
96,95,Undirected
81,80,Undirected
83,82,Undirected
99,98,Undirected
87,86,Undirected
81,84,Undirected
81,80,Undirected
83,82,Undirected
99,98,Undirected
81,84,Undirected
87,86,Undirected
96,95,Undirected
81,80,Undirected
83,82,Undirected
87,86,Undirected
81,84,Undirected
81,100,Undirected
89,88,Undirected
81,84,Undirected
81,80,Undirected
83,82,Undirected
87,86,Undirected
84,80,Undirected
90,80,Undirected
89,88,Undirected
90,84,Undirected
81,80,Undirected
83,82,Undirected
87,86,Undirected
81,84,Undirected
89,88,Undirected
85,81,Undirected
94,93,Undirected
90,80,Undirected
102,101,Undirected
104,103,Undirected
105,102,Undirected
106,102,Undirected
101,103,Undirected
108,107,Undirected
109,102,Undirected
111,110,Undirected
102,103,Undirected
112,102,Undirected
102,101,Undirected
101,103,Undirected
104,103,Undirected
105,102,Undirected
106,103,Undirected
102,103,Undirected
108,107,Undirected
106,102,Undirected
111,110,Undirected
102,101,Undirected
101,103,Undirected
104,103,Undirected
105,102,Undirected
108,107,Undirected
114,113,Undirected
101,115,Undirected
106,102,Undirected
116,101,Undirected
102,101,Undirected
104,103,Undirected
105,102,Undirected
101,103,Undirected
108,107,Undirected
106,102,Undirected
104,102,Undirected
102,103,Undirected
111,110,Undirected
106,102,Undirected
106,103,Undirected
102,101,Undirected
111,110,Undirected
108,107,Undirected
104,103,Undirected
106,108,Undirected
106,111,Undirected
114,113,Undirected
108,107,Undirected
111,110,Undirected
102,101,Undirected
104,103,Undirected
118,117,Undirected
110,107,Undirected
119,108,Undirected
108,107,Undirected
111,110,Undirected
119,108,Undirected
102,101,Undirected
106,108,Undirected
104,103,Undirected
118,117,Undirected
105,102,Undirected
105,102,Undirected
104,103,Undirected
102,101,Undirected
101,103,Undirected
105,120,Undirected
108,107,Undirected
105,101,Undirected
102,103,Undirected
122,121,Undirected
124,123,Undirected
111,110,Undirected
108,107,Undirected
118,117,Undirected
110,107,Undirected
110,125,Undirected
102,101,Undirected
108,107,Undirected
111,110,Undirected
127,126,Undirected
102,101,Undirected
104,103,Undirected
106,102,Undirected
109,102,Undirected
105,102,Undirected
114,113,Undirected
112,102,Undirected
129,128,Undirected
128,130,Undirected
131,128,Undirected
133,132,Undirected
128,132,Undirected
134,133,Undirected
136,135,Undirected
129,128,Undirected
128,130,Undirected
130,137,Undirected
131,128,Undirected
129,137,Undirected
133,132,Undirected
8,130,Undirected
138,130,Undirected
140,139,Undirected
140,141,Undirected
139,142,Undirected
139,143,Undirected
144,139,Undirected
133,132,Undirected
129,128,Undirected
128,130,Undirected
131,128,Undirected
128,132,Undirected
129,132,Undirected
133,132,Undirected
136,135,Undirected
130,137,Undirected
129,137,Undirected
129,128,Undirected
128,130,Undirected
131,128,Undirected
133,132,Undirected
8,130,Undirected
145,137,Undirected
137,132,Undirected
129,128,Undirected
136,135,Undirected
128,130,Undirected
133,132,Undirected
131,128,Undirected
140,141,Undirected
130,137,Undirected
129,137,Undirected
130,137,Undirected
128,130,Undirected
129,128,Undirected
129,137,Undirected
8,130,Undirected
131,128,Undirected
138,130,Undirected
133,132,Undirected
129,128,Undirected
133,132,Undirected
128,130,Undirected
131,128,Undirected
134,133,Undirected
133,132,Undirected
145,133,Undirected
129,128,Undirected
136,135,Undirected
128,130,Undirected
140,141,Undirected
147,146,Undirected
131,128,Undirected
133,132,Undirected
136,147,Undirected
140,141,Undirected
140,139,Undirected
139,143,Undirected
144,139,Undirected
149,148,Undirected
150,148,Undirected
152,151,Undirected
149,153,Undirected
154,148,Undirected
148,151,Undirected
148,155,Undirected
149,148,Undirected
149,153,Undirected
152,151,Undirected
150,148,Undirected
154,148,Undirected
154,156,Undirected
148,155,Undirected
149,148,Undirected
152,151,Undirected
149,153,Undirected
150,148,Undirected
148,151,Undirected
157,151,Undirected
149,151,Undirected
149,148,Undirected
152,151,Undirected
149,153,Undirected
150,148,Undirected
152,148,Undirected
157,151,Undirected
152,150,Undirected
150,148,Undirected
149,148,Undirected
149,153,Undirected
152,151,Undirected
152,150,Undirected
154,150,Undirected
150,151,Undirected
149,148,Undirected
154,156,Undirected
154,148,Undirected
152,151,Undirected
149,154,Undirected
149,153,Undirected
150,148,Undirected
158,156,Undirected
154,150,Undirected
149,148,Undirected
149,153,Undirected
150,148,Undirected
153,148,Undirected
152,151,Undirected
154,156,Undirected
149,148,Undirected
158,156,Undirected
152,151,Undirected
154,148,Undirected
149,153,Undirected
149,156,Undirected
149,154,Undirected
149,148,Undirected
152,151,Undirected
149,153,Undirected
150,148,Undirected
160,159,Undirected
152,150,Undirected
152,148,Undirected
162,161,Undirected
164,163,Undirected
163,165,Undirected
167,166,Undirected
116,162,Undirected
168,162,Undirected
8,162,Undirected
162,166,Undirected
162,161,Undirected
164,163,Undirected
167,166,Undirected
163,165,Undirected
169,161,Undirected
116,162,Undirected
170,166,Undirected
166,161,Undirected
162,161,Undirected
163,165,Undirected
164,163,Undirected
167,166,Undirected
116,162,Undirected
172,171,Undirected
116,171,Undirected
162,161,Undirected
163,165,Undirected
164,163,Undirected
167,166,Undirected
172,171,Undirected
116,162,Undirected
116,171,Undirected
174,173,Undirected
162,161,Undirected
174,175,Undirected
164,163,Undirected
176,175,Undirected
168,174,Undirected
168,177,Undirected
116,174,Undirected
168,177,Undirected
162,161,Undirected
164,163,Undirected
168,162,Undirected
8,178,Undirected
116,178,Undirected
168,174,Undirected
179,168,Undirected
174,173,Undirected
162,161,Undirected
164,163,Undirected
176,175,Undirected
167,166,Undirected
116,162,Undirected
174,173,Undirected
163,165,Undirected
181,180,Undirected
116,174,Undirected
162,161,Undirected
167,166,Undirected
170,166,Undirected
164,163,Undirected
163,165,Undirected
162,166,Undirected
116,162,Undirected
166,161,Undirected
170,169,Undirected
176,175,Undirected
174,175,Undirected
182,175,Undirected
184,183,Undirected
174,173,Undirected
162,161,Undirected
116,174,Undirected
181,180,Undirected
184,175,Undirected
186,185,Undirected
162,161,Undirected
188,187,Undirected
176,175,Undirected
189,186,Undirected
164,163,Undirected
168,186,Undirected
174,175,Undirected
191,190,Undirected
192,191,Undirected
191,193,Undirected
191,194,Undirected
191,195,Undirected
196,193,Undirected
197,191,Undirected
191,198,Undirected
194,199,Undirected
196,190,Undirected
191,190,Undirected
196,193,Undirected
201,200,Undirected
192,191,Undirected
194,199,Undirected
202,200,Undirected
196,190,Undirected
204,203,Undirected
201,205,Undirected
204,206,Undirected
194,199,Undirected
194,207,Undirected
191,190,Undirected
194,208,Undirected
196,193,Undirected
191,194,Undirected
192,191,Undirected
209,194,Undirected
196,190,Undirected
191,193,Undirected
196,193,Undirected
196,190,Undirected
196,198,Undirected
191,190,Undirected
196,195,Undirected
194,199,Undirected
192,191,Undirected
191,193,Undirected
116,196,Undirected
194,199,Undirected
191,190,Undirected
196,193,Undirected
192,191,Undirected
210,190,Undirected
194,207,Undirected
196,190,Undirected
191,193,Undirected
210,207,Undirected
194,208,Undirected
191,190,Undirected
196,193,Undirected
192,191,Undirected
194,199,Undirected
196,190,Undirected
204,206,Undirected
194,207,Undirected
191,193,Undirected
206,190,Undirected
196,198,Undirected
191,190,Undirected
192,191,Undirected
196,193,Undirected
212,211,Undirected
212,213,Undirected
194,199,Undirected
191,193,Undirected
196,190,Undirected
214,213,Undirected
194,207,Undirected
196,193,Undirected
196,190,Undirected
191,193,Undirected
196,198,Undirected
191,190,Undirected
196,195,Undirected
191,198,Undirected
194,199,Undirected
216,215,Undirected
202,205,Undirected
201,205,Undirected
217,205,Undirected
218,205,Undirected
201,200,Undirected
202,200,Undirected
218,200,Undirected
219,205,Undirected
220,205,Undirected
221,203,Undirected
201,200,Undirected
201,205,Undirected
221,203,Undirected
204,203,Undirected
218,200,Undirected
222,203,Undirected
218,205,Undirected
223,203,Undirected
191,190,Undirected
217,205,Undirected
225,224,Undirected
226,225,Undirected
226,227,Undirected
8,225,Undirected
229,228,Undirected
8,224,Undirected
225,230,Undirected
229,225,Undirected
225,224,Undirected
226,225,Undirected
226,227,Undirected
8,225,Undirected
229,228,Undirected
8,224,Undirected
225,230,Undirected
229,225,Undirected
225,224,Undirected
226,225,Undirected
226,227,Undirected
8,225,Undirected
229,228,Undirected
8,224,Undirected
225,230,Undirected
229,225,Undirected
225,224,Undirected
226,225,Undirected
226,227,Undirected
8,225,Undirected
229,228,Undirected
8,224,Undirected
225,230,Undirected
229,225,Undirected
226,225,Undirected
226,227,Undirected
225,224,Undirected
226,231,Undirected
226,224,Undirected
226,232,Undirected
233,226,Undirected
229,228,Undirected
226,225,Undirected
226,227,Undirected
225,224,Undirected
226,231,Undirected
226,224,Undirected
226,232,Undirected
233,226,Undirected
229,228,Undirected
226,225,Undirected
226,227,Undirected
225,224,Undirected
226,231,Undirected
226,224,Undirected
226,232,Undirected
233,226,Undirected
229,228,Undirected
226,225,Undirected
226,227,Undirected
225,224,Undirected
226,231,Undirected
226,224,Undirected
226,232,Undirected
233,226,Undirected
229,228,Undirected
225,224,Undirected
8,224,Undirected
226,225,Undirected
226,224,Undirected
234,224,Undirected
226,227,Undirected
229,224,Undirected
228,224,Undirected
116,224,Undirected
225,224,Undirected
226,225,Undirected
229,228,Undirected
226,227,Undirected
229,225,Undirected
229,224,Undirected
235,228,Undirected
225,224,Undirected
226,225,Undirected
229,228,Undirected
226,227,Undirected
229,225,Undirected
229,224,Undirected
235,228,Undirected
225,224,Undirected
226,225,Undirected
229,228,Undirected
226,227,Undirected
229,225,Undirected
229,224,Undirected
235,228,Undirected
225,224,Undirected
226,225,Undirected
229,228,Undirected
226,227,Undirected
229,225,Undirected
229,224,Undirected
235,228,Undirected
225,224,Undirected
226,225,Undirected
229,228,Undirected
235,228,Undirected
226,227,Undirected
228,224,Undirected
237,236,Undirected
226,227,Undirected
238,232,Undirected
226,232,Undirected
226,225,Undirected
232,239,Undirected
225,224,Undirected
226,227,Undirected
238,232,Undirected
226,232,Undirected
226,225,Undirected
232,239,Undirected
225,224,Undirected
240,231,Undirected
226,225,Undirected
225,224,Undirected
226,227,Undirected
237,236,Undirected
226,231,Undirected
229,228,Undirected
8,241,Undirected
240,231,Undirected
226,225,Undirected
225,224,Undirected
226,227,Undirected
237,236,Undirected
226,231,Undirected
229,228,Undirected
8,241,Undirected
240,231,Undirected
226,225,Undirected
225,224,Undirected
226,227,Undirected
237,236,Undirected
226,231,Undirected
229,228,Undirected
8,241,Undirected
240,231,Undirected
226,225,Undirected
225,224,Undirected
226,227,Undirected
237,236,Undirected
226,231,Undirected
229,228,Undirected
8,241,Undirected
240,231,Undirected
226,231,Undirected
8,241,Undirected
116,241,Undirected
226,227,Undirected
225,224,Undirected
237,236,Undirected
242,231,Undirected
226,225,Undirected
240,231,Undirected
226,231,Undirected
8,241,Undirected
116,241,Undirected
226,227,Undirected
225,224,Undirected
237,236,Undirected
242,231,Undirected
226,225,Undirected
240,231,Undirected
226,231,Undirected
8,241,Undirected
116,241,Undirected
226,227,Undirected
225,224,Undirected
237,236,Undirected
242,231,Undirected
226,225,Undirected
226,225,Undirected
225,224,Undirected
226,227,Undirected
226,243,Undirected
229,228,Undirected
229,243,Undirected
237,236,Undirected
235,228,Undirected
226,225,Undirected
225,224,Undirected
226,227,Undirected
226,243,Undirected
229,228,Undirected
229,243,Undirected
237,236,Undirected
235,228,Undirected
226,225,Undirected
225,224,Undirected
226,227,Undirected
226,243,Undirected
229,228,Undirected
229,243,Undirected
237,236,Undirected
235,228,Undirected
226,225,Undirected
225,224,Undirected
226,227,Undirected
226,243,Undirected
229,228,Undirected
229,243,Undirected
237,236,Undirected
235,228,Undirected
225,224,Undirected
234,224,Undirected
226,225,Undirected
226,227,Undirected
8,224,Undirected
234,225,Undirected
229,228,Undirected
225,224,Undirected
234,224,Undirected
226,225,Undirected
226,227,Undirected
8,224,Undirected
234,225,Undirected
229,228,Undirected
225,224,Undirected
234,224,Undirected
226,225,Undirected
226,227,Undirected
8,224,Undirected
234,225,Undirected
229,228,Undirected
245,244,Undirected
245,246,Undirected
245,247,Undirected
249,248,Undirected
245,248,Undirected
249,248,Undirected
250,248,Undirected
245,248,Undirected
249,251,Undirected
249,248,Undirected
249,251,Undirected
249,252,Undirected
253,251,Undirected
249,251,Undirected
253,251,Undirected
249,248,Undirected
255,254,Undirected
257,256,Undirected
258,254,Undirected
259,254,Undirected
254,256,Undirected
260,256,Undirected
256,261,Undirected
249,248,Undirected
85,262,Undirected
85,81,Undirected
253,251,Undirected
245,244,Undirected
263,244,Undirected
264,244,Undirected
255,254,Undirected
253,251,Undirected
245,265,Undirected
245,246,Undirected
85,262,Undirected
267,266,Undirected
268,266,Undirected
269,266,Undirected
270,269,Undirected
271,266,Undirected
272,266,Undirected
273,266,Undirected
267,274,Undirected
245,244,Undirected
275,273,Undirected
255,254,Undirected
257,256,Undirected
254,256,Undirected
260,256,Undirected
256,276,Undirected
258,254,Undirected
256,261,Undirected
270,269,Undirected
269,266,Undirected
269,277,Undirected
278,252,Undirected
280,279,Undirected
267,266,Undirected
281,277,Undirected
269,282,Undirected
282,283,Undirected
226,225,Undirected
226,227,Undirected
225,224,Undirected
226,231,Undirected
226,224,Undirected
226,232,Undirected
233,226,Undirected
229,228,Undirected
226,225,Undirected
226,227,Undirected
225,224,Undirected
226,231,Undirected
226,224,Undirected
226,232,Undirected
233,226,Undirected
229,228,Undirected
226,225,Undirected
226,227,Undirected
225,224,Undirected
226,231,Undirected
226,224,Undirected
226,232,Undirected
233,226,Undirected
229,228,Undirected
226,225,Undirected
226,227,Undirected
225,224,Undirected
226,231,Undirected
226,224,Undirected
226,232,Undirected
233,226,Undirected
229,228,Undirected
225,224,Undirected
226,225,Undirected
226,227,Undirected
8,225,Undirected
229,228,Undirected
8,224,Undirected
225,230,Undirected
229,225,Undirected
225,224,Undirected
226,225,Undirected
226,227,Undirected
8,225,Undirected
229,228,Undirected
8,224,Undirected
225,230,Undirected
229,225,Undirected
225,224,Undirected
226,225,Undirected
226,227,Undirected
8,225,Undirected
229,228,Undirected
8,224,Undirected
225,230,Undirected
229,225,Undirected
225,224,Undirected
226,225,Undirected
226,227,Undirected
8,225,Undirected
229,228,Undirected
8,224,Undirected
225,230,Undirected
229,225,Undirected
225,224,Undirected
226,225,Undirected
229,228,Undirected
226,227,Undirected
229,225,Undirected
229,224,Undirected
235,228,Undirected
225,224,Undirected
226,225,Undirected
229,228,Undirected
226,227,Undirected
229,225,Undirected
229,224,Undirected
235,228,Undirected
225,224,Undirected
226,225,Undirected
229,228,Undirected
226,227,Undirected
229,225,Undirected
229,224,Undirected
235,228,Undirected
225,224,Undirected
226,225,Undirected
229,228,Undirected
226,227,Undirected
229,225,Undirected
229,224,Undirected
235,228,Undirected
225,224,Undirected
226,225,Undirected
229,228,Undirected
235,228,Undirected
226,227,Undirected
228,224,Undirected
237,236,Undirected
225,224,Undirected
226,225,Undirected
229,228,Undirected
235,228,Undirected
226,227,Undirected
228,224,Undirected
237,236,Undirected
225,224,Undirected
226,225,Undirected
229,228,Undirected
235,228,Undirected
226,227,Undirected
228,224,Undirected
237,236,Undirected
225,224,Undirected
8,224,Undirected
226,225,Undirected
226,224,Undirected
234,224,Undirected
226,227,Undirected
229,224,Undirected
228,224,Undirected
116,224,Undirected
225,224,Undirected
8,224,Undirected
226,225,Undirected
226,224,Undirected
234,224,Undirected
226,227,Undirected
229,224,Undirected
228,224,Undirected
116,224,Undirected
225,224,Undirected
8,224,Undirected
226,225,Undirected
226,224,Undirected
234,224,Undirected
226,227,Undirected
229,224,Undirected
228,224,Undirected
116,224,Undirected
226,225,Undirected
225,224,Undirected
226,227,Undirected
226,243,Undirected
229,228,Undirected
229,243,Undirected
237,236,Undirected
235,228,Undirected
226,225,Undirected
225,224,Undirected
226,227,Undirected
226,243,Undirected
229,228,Undirected
229,243,Undirected
237,236,Undirected
235,228,Undirected
226,225,Undirected
225,224,Undirected
226,227,Undirected
226,243,Undirected
229,228,Undirected
229,243,Undirected
237,236,Undirected
235,228,Undirected
226,225,Undirected
225,224,Undirected
226,227,Undirected
226,243,Undirected
229,228,Undirected
229,243,Undirected
237,236,Undirected
235,228,Undirected
240,231,Undirected
226,225,Undirected
225,224,Undirected
226,227,Undirected
237,236,Undirected
226,231,Undirected
229,228,Undirected
8,241,Undirected
240,231,Undirected
226,225,Undirected
225,224,Undirected
226,227,Undirected
237,236,Undirected
226,231,Undirected
229,228,Undirected
8,241,Undirected
240,231,Undirected
226,225,Undirected
225,224,Undirected
226,227,Undirected
237,236,Undirected
226,231,Undirected
229,228,Undirected
8,241,Undirected
240,231,Undirected
226,225,Undirected
225,224,Undirected
226,227,Undirected
237,236,Undirected
226,231,Undirected
229,228,Undirected
8,241,Undirected
240,231,Undirected
226,231,Undirected
8,241,Undirected
116,241,Undirected
226,227,Undirected
225,224,Undirected
237,236,Undirected
242,231,Undirected
226,225,Undirected
240,231,Undirected
226,231,Undirected
8,241,Undirected
116,241,Undirected
226,227,Undirected
225,224,Undirected
237,236,Undirected
242,231,Undirected
226,225,Undirected
240,231,Undirected
226,231,Undirected
8,241,Undirected
116,241,Undirected
226,227,Undirected
225,224,Undirected
237,236,Undirected
242,231,Undirected
226,225,Undirected
226,227,Undirected
238,232,Undirected
226,232,Undirected
226,225,Undirected
232,239,Undirected
225,224,Undirected
226,227,Undirected
238,232,Undirected
226,232,Undirected
226,225,Undirected
232,239,Undirected
225,224,Undirected
226,227,Undirected
226,225,Undirected
225,224,Undirected
229,228,Undirected
237,236,Undirected
226,231,Undirected
226,227,Undirected
226,225,Undirected
225,224,Undirected
229,228,Undirected
237,236,Undirected
226,231,Undirected
225,224,Undirected
226,225,Undirected
226,227,Undirected
8,225,Undirected
229,228,Undirected
8,224,Undirected
225,230,Undirected
229,225,Undirected
225,224,Undirected
226,225,Undirected
226,227,Undirected
8,225,Undirected
229,228,Undirected
8,224,Undirected
225,230,Undirected
229,225,Undirected
225,224,Undirected
226,225,Undirected
226,227,Undirected
8,225,Undirected
229,228,Undirected
8,224,Undirected
225,230,Undirected
229,225,Undirected
225,224,Undirected
226,225,Undirected
226,227,Undirected
8,225,Undirected
229,228,Undirected
8,224,Undirected
225,230,Undirected
229,225,Undirected
225,224,Undirected
8,224,Undirected
226,225,Undirected
226,224,Undirected
234,224,Undirected
226,227,Undirected
229,224,Undirected
228,224,Undirected
116,224,Undirected
225,224,Undirected
8,224,Undirected
226,225,Undirected
226,224,Undirected
234,224,Undirected
226,227,Undirected
229,224,Undirected
228,224,Undirected
116,224,Undirected
225,224,Undirected
8,224,Undirected
226,225,Undirected
226,224,Undirected
234,224,Undirected
226,227,Undirected
229,224,Undirected
228,224,Undirected
116,224,Undirected
225,224,Undirected
226,225,Undirected
229,228,Undirected
226,227,Undirected
229,225,Undirected
229,224,Undirected
235,228,Undirected
225,224,Undirected
226,225,Undirected
229,228,Undirected
226,227,Undirected
229,225,Undirected
229,224,Undirected
235,228,Undirected
225,224,Undirected
226,225,Undirected
229,228,Undirected
226,227,Undirected
229,225,Undirected
229,224,Undirected
235,228,Undirected
225,224,Undirected
226,225,Undirected
229,228,Undirected
226,227,Undirected
229,225,Undirected
229,224,Undirected
235,228,Undirected
226,225,Undirected
226,227,Undirected
225,224,Undirected
226,231,Undirected
226,224,Undirected
226,232,Undirected
233,226,Undirected
229,228,Undirected
226,225,Undirected
226,227,Undirected
225,224,Undirected
226,231,Undirected
226,224,Undirected
226,232,Undirected
233,226,Undirected
229,228,Undirected
226,225,Undirected
226,227,Undirected
225,224,Undirected
226,231,Undirected
226,224,Undirected
226,232,Undirected
233,226,Undirected
229,228,Undirected
226,225,Undirected
226,227,Undirected
225,224,Undirected
226,231,Undirected
226,224,Undirected
226,232,Undirected
233,226,Undirected
229,228,Undirected
225,224,Undirected
234,224,Undirected
226,225,Undirected
226,227,Undirected
8,224,Undirected
234,225,Undirected
229,228,Undirected
225,224,Undirected
234,224,Undirected
226,225,Undirected
226,227,Undirected
8,224,Undirected
234,225,Undirected
229,228,Undirected
225,224,Undirected
234,224,Undirected
226,225,Undirected
226,227,Undirected
8,224,Undirected
234,225,Undirected
229,228,Undirected
225,224,Undirected
226,225,Undirected
229,228,Undirected
235,228,Undirected
226,227,Undirected
228,224,Undirected
237,236,Undirected
225,224,Undirected
226,225,Undirected
229,228,Undirected
235,228,Undirected
226,227,Undirected
228,224,Undirected
237,236,Undirected
225,224,Undirected
226,225,Undirected
229,228,Undirected
235,228,Undirected
226,227,Undirected
228,224,Undirected
237,236,Undirected
226,225,Undirected
225,224,Undirected
226,227,Undirected
226,243,Undirected
229,228,Undirected
229,243,Undirected
237,236,Undirected
235,228,Undirected
226,225,Undirected
225,224,Undirected
226,227,Undirected
226,243,Undirected
229,228,Undirected
229,243,Undirected
237,236,Undirected
235,228,Undirected
226,225,Undirected
225,224,Undirected
226,227,Undirected
226,243,Undirected
229,228,Undirected
229,243,Undirected
237,236,Undirected
235,228,Undirected
226,225,Undirected
225,224,Undirected
226,227,Undirected
226,243,Undirected
229,228,Undirected
229,243,Undirected
237,236,Undirected
235,228,Undirected
240,231,Undirected
226,225,Undirected
225,224,Undirected
226,227,Undirected
237,236,Undirected
226,231,Undirected
229,228,Undirected
8,241,Undirected
240,231,Undirected
226,225,Undirected
225,224,Undirected
226,227,Undirected
237,236,Undirected
226,231,Undirected
229,228,Undirected
8,241,Undirected
240,231,Undirected
226,225,Undirected
225,224,Undirected
226,227,Undirected
237,236,Undirected
226,231,Undirected
229,228,Undirected
8,241,Undirected
240,231,Undirected
226,225,Undirected
225,224,Undirected
226,227,Undirected
237,236,Undirected
226,231,Undirected
229,228,Undirected
8,241,Undirected
225,230,Undirected
225,224,Undirected
284,230,Undirected
285,230,Undirected
226,225,Undirected
226,227,Undirected
229,228,Undirected
230,224,Undirected
226,227,Undirected
226,225,Undirected
225,224,Undirected
229,228,Undirected
237,236,Undirected
226,231,Undirected
226,227,Undirected
226,225,Undirected
225,224,Undirected
229,228,Undirected
237,236,Undirected
226,231,Undirected
287,286,Undirected
287,286,Undirected
287,286,Undirected
287,286,Undirected
287,286,Undirected
287,286,Undirected
287,286,Undirected
287,286,Undirected
287,286,Undirected
287,286,Undirected
287,286,Undirected
290,289,Undirected
292,291,Undirected
289,293,Undirected
287,286,Undirected
290,289,Undirected
289,293,Undirected
292,286,Undirected
292,291,Undirected
287,286,Undirected
290,289,Undirected
289,293,Undirected
292,286,Undirected
292,291,Undirected
287,286,Undirected
290,289,Undirected
289,293,Undirected
292,286,Undirected
292,291,Undirected
287,286,Undirected
287,286,Undirected
287,286,Undirected
295,294,Undirected
297,296,Undirected
116,294,Undirected
116,295,Undirected
298,294,Undirected
298,295,Undirected
300,299,Undirected
138,294,Undirected
302,301,Undirected
295,294,Undirected
297,296,Undirected
116,294,Undirected
116,295,Undirected
298,294,Undirected
298,295,Undirected
300,299,Undirected
138,294,Undirected
302,301,Undirected
287,286,Undirected
287,286,Undirected
287,286,Undirected
287,286,Undirected
287,286,Undirected
287,286,Undirected
287,286,Undirected
287,286,Undirected
287,286,Undirected
287,286,Undirected
287,286,Undirected
290,289,Undirected
292,291,Undirected
289,293,Undirected
287,286,Undirected
290,289,Undirected
292,291,Undirected
289,293,Undirected
287,286,Undirected
290,289,Undirected
289,293,Undirected
292,286,Undirected
292,291,Undirected
287,286,Undirected
290,289,Undirected
289,293,Undirected
292,286,Undirected
292,291,Undirected
287,286,Undirected
290,289,Undirected
289,293,Undirected
292,286,Undirected
292,291,Undirected
287,286,Undirected
287,286,Undirected
287,286,Undirected
295,294,Undirected
297,296,Undirected
116,294,Undirected
116,295,Undirected
298,294,Undirected
298,295,Undirected
300,299,Undirected
138,294,Undirected
302,301,Undirected
295,294,Undirected
297,296,Undirected
116,294,Undirected
116,295,Undirected
298,294,Undirected
298,295,Undirected
300,299,Undirected
138,294,Undirected
302,301,Undirected
304,303,Undirected
305,303,Undirected
306,303,Undirected
8,303,Undirected
307,303,Undirected
304,308,Undirected
138,303,Undirected
309,305,Undirected
311,310,Undirected
116,303,Undirected
304,303,Undirected
305,303,Undirected
304,308,Undirected
306,303,Undirected
8,303,Undirected
304,305,Undirected
8,304,Undirected
307,303,Undirected
312,311,Undirected
314,313,Undirected
313,313,Undirected
116,224,Undirected
314,314,Undirected
116,241,Undirected
315,315,Undirected
116,311,Undirected
311,310,Undirected
317,316,Undirected
314,313,Undirected
313,313,Undirected
116,224,Undirected
314,314,Undirected
116,241,Undirected
315,315,Undirected
116,311,Undirected
311,310,Undirected
317,316,Undirected
314,313,Undirected
313,313,Undirected
116,224,Undirected
314,314,Undirected
116,241,Undirected
315,315,Undirected
116,311,Undirected
311,310,Undirected
317,316,Undirected
8,224,Undirected
138,311,Undirected
8,241,Undirected
8,318,Undirected
8,225,Undirected
8,319,Undirected
8,312,Undirected
8,1,Undirected
8,320,Undirected
8,321,Undirected
8,224,Undirected
138,311,Undirected
8,241,Undirected
8,318,Undirected
8,225,Undirected
8,319,Undirected
8,312,Undirected
8,1,Undirected
8,320,Undirected
8,321,Undirected
116,322,Undirected
8,322,Undirected
322,323,Undirected
315,322,Undirected
138,322,Undirected
231,322,Undirected
116,324,Undirected
326,325,Undirected
328,327,Undirected
325,329,Undirected
326,325,Undirected
325,330,Undirected
326,325,Undirected
331,325,Undirected
333,332,Undirected
138,325,Undirected
326,325,Undirected
328,327,Undirected
326,325,Undirected
326,334,Undirected
326,325,Undirected
333,332,Undirected
331,326,Undirected
325,325,Undirected
336,335,Undirected
305,303,Undirected
304,303,Undirected
306,303,Undirected
311,310,Undirected
309,305,Undirected
304,305,Undirected
304,308,Undirected
8,305,Undirected
305,303,Undirected
8,303,Undirected
314,313,Undirected
314,314,Undirected
315,315,Undirected
313,313,Undirected
317,316,Undirected
338,337,Undirected
311,310,Undirected
149,148,Undirected
225,224,Undirected
314,313,Undirected
314,314,Undirected
315,315,Undirected
313,313,Undirected
317,316,Undirected
338,337,Undirected
311,310,Undirected
149,148,Undirected
225,224,Undirected
314,313,Undirected
314,314,Undirected
315,315,Undirected
313,313,Undirected
317,316,Undirected
338,337,Undirected
311,310,Undirected
149,148,Undirected
225,224,Undirected
340,339,Undirected
8,341,Undirected
116,341,Undirected
138,341,Undirected
8,340,Undirected
116,340,Undirected
315,341,Undirected
343,342,Undirected
344,342,Undirected
344,345,Undirected
344,346,Undirected
348,347,Undirected
344,349,Undirected
343,342,Undirected
344,342,Undirected
344,349,Undirected
344,346,Undirected
348,347,Undirected
344,345,Undirected
343,346,Undirected
343,342,Undirected
344,342,Undirected
344,349,Undirected
344,345,Undirected
344,346,Undirected
348,347,Undirected
351,350,Undirected
349,342,Undirected
343,342,Undirected
344,342,Undirected
348,347,Undirected
344,346,Undirected
344,345,Undirected
344,349,Undirected
343,342,Undirected
344,342,Undirected
344,346,Undirected
348,347,Undirected
344,345,Undirected
344,349,Undirected
343,346,Undirected
352,346,Undirected
343,342,Undirected
344,342,Undirected
348,347,Undirected
344,345,Undirected
344,346,Undirected
353,349,Undirected
344,349,Undirected
343,342,Undirected
344,342,Undirected
344,346,Undirected
348,347,Undirected
344,345,Undirected
344,349,Undirected
343,342,Undirected
344,342,Undirected
344,346,Undirected
348,347,Undirected
344,345,Undirected
344,349,Undirected
353,349,Undirected
343,342,Undirected
344,342,Undirected
351,350,Undirected
348,347,Undirected
344,345,Undirected
344,346,Undirected
344,349,Undirected
343,342,Undirected
352,346,Undirected
344,342,Undirected
352,349,Undirected
352,342,Undirected
348,347,Undirected
344,345,Undirected
344,346,Undirected
344,349,Undirected
287,286,Undirected
287,286,Undirected
287,286,Undirected
287,286,Undirected
287,286,Undirected
287,286,Undirected
287,286,Undirected
287,286,Undirected
287,286,Undirected
290,289,Undirected
292,291,Undirected
289,293,Undirected
287,286,Undirected
290,289,Undirected
292,291,Undirected
289,293,Undirected
287,286,Undirected
290,289,Undirected
289,293,Undirected
292,286,Undirected
292,291,Undirected
287,286,Undirected
290,289,Undirected
289,293,Undirected
292,286,Undirected
292,291,Undirected
287,286,Undirected
290,289,Undirected
289,293,Undirected
292,286,Undirected
292,291,Undirected
287,286,Undirected
287,286,Undirected
287,286,Undirected
287,286,Undirected
289,293,Undirected
290,289,Undirected
225,224,Undirected
226,225,Undirected
226,227,Undirected
8,225,Undirected
229,228,Undirected
8,224,Undirected
225,230,Undirected
229,225,Undirected
225,224,Undirected
226,225,Undirected
226,227,Undirected
8,225,Undirected
229,228,Undirected
8,224,Undirected
225,230,Undirected
229,225,Undirected
225,224,Undirected
226,225,Undirected
226,227,Undirected
8,225,Undirected
229,228,Undirected
8,224,Undirected
225,230,Undirected
229,225,Undirected
225,224,Undirected
226,225,Undirected
226,227,Undirected
8,225,Undirected
229,228,Undirected
8,224,Undirected
225,230,Undirected
229,225,Undirected
226,225,Undirected
226,227,Undirected
225,224,Undirected
226,231,Undirected
226,224,Undirected
226,232,Undirected
233,226,Undirected
229,228,Undirected
226,225,Undirected
226,227,Undirected
225,224,Undirected
226,231,Undirected
226,224,Undirected
226,232,Undirected
233,226,Undirected
229,228,Undirected
226,225,Undirected
226,227,Undirected
225,224,Undirected
226,231,Undirected
226,224,Undirected
226,232,Undirected
233,226,Undirected
229,228,Undirected
226,225,Undirected
226,227,Undirected
225,224,Undirected
226,231,Undirected
226,224,Undirected
226,232,Undirected
233,226,Undirected
229,228,Undirected
225,224,Undirected
8,224,Undirected
226,225,Undirected
226,224,Undirected
234,224,Undirected
226,227,Undirected
229,224,Undirected
228,224,Undirected
116,224,Undirected
225,224,Undirected
8,224,Undirected
226,225,Undirected
226,224,Undirected
234,224,Undirected
226,227,Undirected
229,224,Undirected
228,224,Undirected
116,224,Undirected
225,224,Undirected
8,224,Undirected
226,225,Undirected
226,224,Undirected
234,224,Undirected
226,227,Undirected
229,224,Undirected
228,224,Undirected
116,224,Undirected
225,224,Undirected
226,225,Undirected
229,228,Undirected
226,227,Undirected
229,225,Undirected
229,224,Undirected
235,228,Undirected
225,224,Undirected
226,225,Undirected
229,228,Undirected
226,227,Undirected
229,225,Undirected
229,224,Undirected
235,228,Undirected
225,224,Undirected
226,225,Undirected
229,228,Undirected
226,227,Undirected
229,225,Undirected
229,224,Undirected
235,228,Undirected
225,224,Undirected
226,225,Undirected
229,228,Undirected
226,227,Undirected
229,225,Undirected
229,224,Undirected
235,228,Undirected
225,224,Undirected
226,225,Undirected
229,228,Undirected
235,228,Undirected
226,227,Undirected
228,224,Undirected
237,236,Undirected
225,224,Undirected
226,225,Undirected
229,228,Undirected
235,228,Undirected
226,227,Undirected
228,224,Undirected
237,236,Undirected
225,224,Undirected
226,225,Undirected
229,228,Undirected
235,228,Undirected
226,227,Undirected
228,224,Undirected
237,236,Undirected
240,231,Undirected
226,225,Undirected
225,224,Undirected
226,227,Undirected
237,236,Undirected
226,231,Undirected
229,228,Undirected
8,241,Undirected
240,231,Undirected
226,225,Undirected
225,224,Undirected
226,227,Undirected
237,236,Undirected
226,231,Undirected
229,228,Undirected
8,241,Undirected
240,231,Undirected
226,225,Undirected
225,224,Undirected
226,227,Undirected
237,236,Undirected
226,231,Undirected
229,228,Undirected
8,241,Undirected
240,231,Undirected
226,225,Undirected
225,224,Undirected
226,227,Undirected
237,236,Undirected
226,231,Undirected
229,228,Undirected
8,241,Undirected
226,227,Undirected
238,232,Undirected
226,232,Undirected
226,225,Undirected
232,239,Undirected
225,224,Undirected
240,231,Undirected
226,231,Undirected
8,241,Undirected
116,241,Undirected
226,227,Undirected
225,224,Undirected
237,236,Undirected
242,231,Undirected
226,225,Undirected
240,231,Undirected
226,231,Undirected
8,241,Undirected
116,241,Undirected
226,227,Undirected
225,224,Undirected
237,236,Undirected
242,231,Undirected
226,225,Undirected
240,231,Undirected
226,231,Undirected
8,241,Undirected
116,241,Undirected
226,227,Undirected
225,224,Undirected
237,236,Undirected
242,231,Undirected
226,225,Undirected
226,225,Undirected
225,224,Undirected
226,227,Undirected
226,243,Undirected
229,228,Undirected
229,243,Undirected
237,236,Undirected
235,228,Undirected
226,225,Undirected
225,224,Undirected
226,227,Undirected
226,243,Undirected
229,228,Undirected
229,243,Undirected
237,236,Undirected
235,228,Undirected
226,225,Undirected
225,224,Undirected
226,227,Undirected
226,243,Undirected
229,228,Undirected
229,243,Undirected
237,236,Undirected
235,228,Undirected
226,225,Undirected
225,224,Undirected
226,227,Undirected
226,243,Undirected
229,228,Undirected
229,243,Undirected
237,236,Undirected
235,228,Undirected
225,224,Undirected
234,224,Undirected
226,225,Undirected
226,227,Undirected
8,224,Undirected
234,225,Undirected
229,228,Undirected
225,224,Undirected
234,224,Undirected
226,225,Undirected
226,227,Undirected
8,224,Undirected
234,225,Undirected
229,228,Undirected
225,224,Undirected
234,224,Undirected
226,225,Undirected
226,227,Undirected
8,224,Undirected
234,225,Undirected
229,228,Undirected
354,319,Undirected
355,319,Undirected
357,356,Undirected
355,320,Undirected
320,319,Undirected
320,358,Undirected
355,354,Undirected
357,319,Undirected
356,319,Undirected
320,354,Undirected
354,319,Undirected
355,319,Undirected
357,356,Undirected
355,320,Undirected
320,319,Undirected
320,358,Undirected
355,354,Undirected
357,319,Undirected
356,319,Undirected
320,354,Undirected
355,319,Undirected
355,320,Undirected
354,319,Undirected
357,356,Undirected
355,354,Undirected
320,358,Undirected
320,319,Undirected
355,356,Undirected
320,354,Undirected
355,358,Undirected
355,319,Undirected
355,320,Undirected
354,319,Undirected
357,356,Undirected
355,354,Undirected
320,358,Undirected
320,319,Undirected
355,356,Undirected
320,354,Undirected
355,358,Undirected
355,320,Undirected
354,319,Undirected
357,356,Undirected
320,358,Undirected
355,319,Undirected
320,319,Undirected
320,354,Undirected
355,354,Undirected
320,357,Undirected
320,356,Undirected
355,320,Undirected
354,319,Undirected
357,356,Undirected
320,358,Undirected
355,319,Undirected
320,319,Undirected
320,354,Undirected
355,354,Undirected
320,357,Undirected
320,356,Undirected
354,319,Undirected
355,320,Undirected
357,356,Undirected
355,319,Undirected
355,354,Undirected
320,358,Undirected
320,354,Undirected
320,319,Undirected
354,357,Undirected
354,358,Undirected
354,319,Undirected
355,320,Undirected
357,356,Undirected
355,319,Undirected
355,354,Undirected
320,358,Undirected
320,354,Undirected
320,319,Undirected
354,357,Undirected
354,358,Undirected
357,356,Undirected
354,319,Undirected
355,320,Undirected
355,319,Undirected
320,358,Undirected
355,354,Undirected
320,319,Undirected
320,356,Undirected
355,356,Undirected
356,319,Undirected
357,356,Undirected
354,319,Undirected
355,320,Undirected
355,319,Undirected
320,358,Undirected
355,354,Undirected
320,319,Undirected
320,356,Undirected
355,356,Undirected
356,319,Undirected
357,356,Undirected
354,319,Undirected
355,320,Undirected
355,319,Undirected
320,358,Undirected
320,357,Undirected
355,354,Undirected
320,319,Undirected
357,319,Undirected
354,357,Undirected
357,356,Undirected
354,319,Undirected
355,320,Undirected
355,319,Undirected
320,358,Undirected
320,357,Undirected
355,354,Undirected
320,319,Undirected
357,319,Undirected
354,357,Undirected
354,319,Undirected
357,356,Undirected
320,358,Undirected
355,320,Undirected
355,319,Undirected
355,354,Undirected
320,319,Undirected
320,354,Undirected
355,358,Undirected
354,358,Undirected
354,319,Undirected
357,356,Undirected
320,358,Undirected
355,320,Undirected
355,319,Undirected
355,354,Undirected
320,319,Undirected
320,354,Undirected
355,358,Undirected
354,358,Undirected
360,359,Undirected
362,361,Undirected
361,359,Undirected
363,359,Undirected
364,363,Undirected
365,359,Undirected
360,361,Undirected
365,362,Undirected
366,359,Undirected
365,367,Undirected
360,359,Undirected
362,361,Undirected
360,361,Undirected
365,362,Undirected
364,363,Undirected
360,362,Undirected
360,365,Undirected
365,368,Undirected
365,367,Undirected
361,359,Undirected
370,369,Undirected
372,371,Undirected
369,373,Undirected
372,373,Undirected
375,374,Undirected
371,373,Undirected
371,369,Undirected
372,369,Undirected
371,373,Undirected
377,376,Undirected
354,319,Undirected
355,319,Undirected
357,356,Undirected
355,320,Undirected
320,319,Undirected
320,358,Undirected
355,354,Undirected
357,319,Undirected
356,319,Undirected
320,354,Undirected
354,319,Undirected
355,319,Undirected
357,356,Undirected
355,320,Undirected
320,319,Undirected
320,358,Undirected
355,354,Undirected
357,319,Undirected
356,319,Undirected
320,354,Undirected
355,319,Undirected
355,320,Undirected
354,319,Undirected
357,356,Undirected
355,354,Undirected
320,358,Undirected
320,319,Undirected
355,356,Undirected
320,354,Undirected
355,358,Undirected
355,319,Undirected
355,320,Undirected
354,319,Undirected
357,356,Undirected
355,354,Undirected
320,358,Undirected
320,319,Undirected
355,356,Undirected
320,354,Undirected
355,358,Undirected
355,320,Undirected
354,319,Undirected
357,356,Undirected
320,358,Undirected
355,319,Undirected
320,319,Undirected
320,354,Undirected
355,354,Undirected
320,357,Undirected
320,356,Undirected
355,320,Undirected
354,319,Undirected
357,356,Undirected
320,358,Undirected
355,319,Undirected
320,319,Undirected
320,354,Undirected
355,354,Undirected
320,357,Undirected
320,356,Undirected
354,319,Undirected
355,320,Undirected
357,356,Undirected
355,319,Undirected
355,354,Undirected
320,358,Undirected
320,354,Undirected
320,319,Undirected
354,357,Undirected
354,358,Undirected
354,319,Undirected
355,320,Undirected
357,356,Undirected
355,319,Undirected
355,354,Undirected
320,358,Undirected
320,354,Undirected
320,319,Undirected
354,357,Undirected
354,358,Undirected
357,356,Undirected
354,319,Undirected
355,320,Undirected
355,319,Undirected
320,358,Undirected
355,354,Undirected
320,319,Undirected
320,356,Undirected
355,356,Undirected
356,319,Undirected
357,356,Undirected
354,319,Undirected
355,320,Undirected
355,319,Undirected
320,358,Undirected
355,354,Undirected
320,319,Undirected
320,356,Undirected
355,356,Undirected
356,319,Undirected
357,356,Undirected
354,319,Undirected
355,320,Undirected
355,319,Undirected
320,358,Undirected
320,357,Undirected
355,354,Undirected
320,319,Undirected
357,319,Undirected
354,357,Undirected
357,356,Undirected
354,319,Undirected
355,320,Undirected
355,319,Undirected
320,358,Undirected
320,357,Undirected
355,354,Undirected
320,319,Undirected
357,319,Undirected
354,357,Undirected
354,319,Undirected
357,356,Undirected
320,358,Undirected
355,320,Undirected
355,319,Undirected
355,354,Undirected
320,319,Undirected
320,354,Undirected
355,358,Undirected
354,358,Undirected
354,319,Undirected
357,356,Undirected
320,358,Undirected
355,320,Undirected
355,319,Undirected
355,354,Undirected
320,319,Undirected
320,354,Undirected
355,358,Undirected
354,358,Undirected
8,224,Undirected
138,311,Undirected
8,241,Undirected
8,318,Undirected
8,225,Undirected
8,319,Undirected
8,312,Undirected
8,1,Undirected
8,320,Undirected
8,321,Undirected
8,224,Undirected
138,311,Undirected
8,241,Undirected
8,318,Undirected
8,225,Undirected
8,319,Undirected
8,312,Undirected
8,1,Undirected
8,320,Undirected
8,321,Undirected
314,313,Undirected
314,314,Undirected
315,315,Undirected
313,313,Undirected
317,316,Undirected
338,337,Undirected
311,310,Undirected
149,148,Undirected
225,224,Undirected
314,313,Undirected
314,314,Undirected
315,315,Undirected
313,313,Undirected
317,316,Undirected
338,337,Undirected
311,310,Undirected
149,148,Undirected
225,224,Undirected
314,313,Undirected
314,314,Undirected
315,315,Undirected
313,313,Undirected
317,316,Undirected
338,337,Undirected
311,310,Undirected
149,148,Undirected
225,224,Undirected
354,319,Undirected
320,319,Undirected
357,356,Undirected
355,320,Undirected
355,319,Undirected
355,354,Undirected
320,358,Undirected
320,354,Undirected
320,357,Undirected
357,319,Undirected
379,378,Undirected
381,380,Undirected
381,382,Undirected
384,383,Undirected
380,385,Undirected
387,386,Undirected
380,379,Undirected
379,388,Undirected
380,378,Undirected
379,389,Undirected
379,378,Undirected
381,380,Undirected
381,382,Undirected
384,383,Undirected
380,385,Undirected
387,386,Undirected
380,379,Undirected
379,388,Undirected
380,378,Undirected
379,389,Undirected
379,378,Undirected
381,380,Undirected
381,382,Undirected
384,383,Undirected
380,378,Undirected
380,385,Undirected
387,386,Undirected
390,378,Undirected
379,388,Undirected
379,378,Undirected
381,380,Undirected
381,382,Undirected
384,383,Undirected
380,378,Undirected
380,385,Undirected
387,386,Undirected
390,378,Undirected
379,388,Undirected
381,382,Undirected
379,378,Undirected
381,380,Undirected
384,383,Undirected
387,386,Undirected
392,391,Undirected
393,384,Undirected
395,394,Undirected
392,382,Undirected
380,385,Undirected
381,382,Undirected
379,378,Undirected
381,380,Undirected
384,383,Undirected
387,386,Undirected
392,391,Undirected
393,384,Undirected
395,394,Undirected
392,382,Undirected
380,385,Undirected
379,378,Undirected
381,380,Undirected
381,382,Undirected
380,385,Undirected
380,378,Undirected
384,383,Undirected
380,379,Undirected
387,386,Undirected
379,388,Undirected
390,378,Undirected
379,378,Undirected
381,380,Undirected
381,382,Undirected
380,385,Undirected
380,378,Undirected
384,383,Undirected
380,379,Undirected
387,386,Undirected
379,388,Undirected
390,378,Undirected
381,382,Undirected
379,378,Undirected
384,383,Undirected
381,380,Undirected
387,386,Undirected
392,391,Undirected
392,382,Undirected
393,384,Undirected
384,382,Undirected
395,394,Undirected
381,382,Undirected
379,378,Undirected
384,383,Undirected
381,380,Undirected
387,386,Undirected
392,391,Undirected
392,382,Undirected
393,384,Undirected
384,382,Undirected
395,394,Undirected
384,383,Undirected
381,382,Undirected
387,386,Undirected
379,378,Undirected
393,384,Undirected
384,396,Undirected
381,380,Undirected
384,397,Undirected
398,396,Undirected
384,382,Undirected
384,383,Undirected
381,382,Undirected
387,386,Undirected
379,378,Undirected
393,384,Undirected
384,396,Undirected
381,380,Undirected
384,397,Undirected
398,396,Undirected
384,382,Undirected
400,399,Undirected
400,401,Undirected
400,402,Undirected
399,401,Undirected
402,401,Undirected
402,399,Undirected
402,403,Undirected
8,404,Undirected
399,401,Undirected
400,399,Undirected
402,399,Undirected
399,401,Undirected
400,401,Undirected
402,401,Undirected
399,401,Undirected
400,402,Undirected
402,403,Undirected
405,401,Undirected
400,399,Undirected
402,403,Undirected
400,402,Undirected
402,399,Undirected
399,401,Undirected
402,401,Undirected
400,401,Undirected
399,401,Undirected
405,401,Undirected
379,378,Undirected
380,385,Undirected
381,380,Undirected
381,382,Undirected
384,383,Undirected
380,378,Undirected
379,385,Undirected
379,388,Undirected
387,386,Undirected
390,378,Undirected
379,378,Undirected
380,385,Undirected
381,380,Undirected
381,382,Undirected
384,383,Undirected
380,378,Undirected
379,385,Undirected
379,388,Undirected
387,386,Undirected
390,378,Undirected
338,337,Undirected
407,406,Undirected
337,408,Undirected
406,408,Undirected
337,406,Undirected
338,407,Undirected
407,408,Undirected
338,406,Undirected
337,407,Undirected
116,337,Undirected
338,337,Undirected
407,406,Undirected
406,408,Undirected
338,407,Undirected
337,408,Undirected
338,406,Undirected
407,408,Undirected
337,406,Undirected
406,409,Undirected
338,408,Undirected
338,337,Undirected
407,406,Undirected
337,408,Undirected
406,408,Undirected
407,408,Undirected
338,407,Undirected
337,406,Undirected
338,406,Undirected
406,409,Undirected
338,408,Undirected
338,337,Undirected
407,406,Undirected
406,408,Undirected
338,407,Undirected
337,408,Undirected
407,408,Undirected
337,406,Undirected
337,407,Undirected
338,406,Undirected
406,409,Undirected
338,337,Undirected
407,406,Undirected
406,408,Undirected
337,406,Undirected
337,408,Undirected
338,406,Undirected
338,407,Undirected
407,408,Undirected
406,409,Undirected
406,408,Undirected
338,337,Undirected
337,410,Undirected
338,410,Undirected
407,406,Undirected
406,408,Undirected
406,409,Undirected
337,408,Undirected
338,407,Undirected
337,406,Undirected
338,406,Undirected
338,337,Undirected
407,406,Undirected
337,408,Undirected
406,409,Undirected
406,408,Undirected
411,407,Undirected
337,406,Undirected
412,408,Undirected
116,408,Undirected
338,413,Undirected
338,337,Undirected
407,406,Undirected
337,408,Undirected
406,409,Undirected
407,408,Undirected
406,408,Undirected
338,413,Undirected
411,407,Undirected
337,406,Undirected
116,337,Undirected
314,313,Undirected
313,313,Undirected
116,224,Undirected
314,314,Undirected
116,241,Undirected
315,315,Undirected
116,311,Undirected
311,310,Undirected
317,316,Undirected
314,313,Undirected
313,313,Undirected
116,224,Undirected
314,314,Undirected
116,241,Undirected
315,315,Undirected
116,311,Undirected
311,310,Undirected
317,316,Undirected
314,313,Undirected
313,313,Undirected
116,224,Undirected
314,314,Undirected
116,241,Undirected
315,315,Undirected
116,311,Undirected
311,310,Undirected
317,316,Undirected
338,337,Undirected
338,413,Undirected
407,406,Undirected
406,409,Undirected
406,408,Undirected
407,408,Undirected
337,408,Undirected
414,407,Undirected
411,407,Undirected
338,406,Undirected
379,378,Undirected
381,380,Undirected
381,382,Undirected
384,383,Undirected
380,385,Undirected
387,386,Undirected
380,379,Undirected
379,388,Undirected
380,378,Undirected
379,389,Undirected
379,378,Undirected
381,380,Undirected
381,382,Undirected
384,383,Undirected
380,385,Undirected
387,386,Undirected
380,379,Undirected
379,388,Undirected
380,378,Undirected
379,389,Undirected
379,378,Undirected
381,380,Undirected
381,382,Undirected
384,383,Undirected
380,378,Undirected
380,385,Undirected
387,386,Undirected
390,378,Undirected
379,388,Undirected
379,378,Undirected
381,380,Undirected
381,382,Undirected
384,383,Undirected
380,378,Undirected
380,385,Undirected
387,386,Undirected
390,378,Undirected
379,388,Undirected
381,382,Undirected
379,378,Undirected
381,380,Undirected
384,383,Undirected
387,386,Undirected
392,391,Undirected
393,384,Undirected
395,394,Undirected
392,382,Undirected
380,385,Undirected
381,382,Undirected
379,378,Undirected
381,380,Undirected
384,383,Undirected
387,386,Undirected
392,391,Undirected
393,384,Undirected
395,394,Undirected
392,382,Undirected
380,385,Undirected
379,378,Undirected
381,380,Undirected
381,382,Undirected
380,385,Undirected
380,378,Undirected
384,383,Undirected
380,379,Undirected
387,386,Undirected
379,388,Undirected
390,378,Undirected
379,378,Undirected
381,380,Undirected
381,382,Undirected
380,385,Undirected
380,378,Undirected
384,383,Undirected
380,379,Undirected
387,386,Undirected
379,388,Undirected
390,378,Undirected
381,382,Undirected
379,378,Undirected
384,383,Undirected
381,380,Undirected
387,386,Undirected
392,391,Undirected
392,382,Undirected
393,384,Undirected
384,382,Undirected
395,394,Undirected
381,382,Undirected
379,378,Undirected
384,383,Undirected
381,380,Undirected
387,386,Undirected
392,391,Undirected
392,382,Undirected
393,384,Undirected
384,382,Undirected
395,394,Undirected
387,386,Undirected
387,415,Undirected
381,382,Undirected
379,378,Undirected
384,383,Undirected
393,384,Undirected
416,386,Undirected
381,380,Undirected
386,415,Undirected
387,386,Undirected
387,415,Undirected
381,382,Undirected
379,378,Undirected
384,383,Undirected
393,384,Undirected
416,386,Undirected
381,380,Undirected
386,415,Undirected
384,383,Undirected
381,382,Undirected
387,386,Undirected
379,378,Undirected
393,384,Undirected
384,396,Undirected
381,380,Undirected
384,397,Undirected
398,396,Undirected
384,382,Undirected
384,383,Undirected
381,382,Undirected
387,386,Undirected
379,378,Undirected
393,384,Undirected
384,396,Undirected
381,380,Undirected
384,397,Undirected
398,396,Undirected
384,382,Undirected
379,378,Undirected
380,385,Undirected
381,380,Undirected
381,382,Undirected
384,383,Undirected
380,378,Undirected
379,385,Undirected
379,388,Undirected
387,386,Undirected
390,378,Undirected
379,378,Undirected
380,385,Undirected
381,380,Undirected
381,382,Undirected
384,383,Undirected
380,378,Undirected
379,385,Undirected
379,388,Undirected
387,386,Undirected
390,378,Undirected
384,383,Undirected
379,378,Undirected
381,382,Undirected
387,386,Undirected
384,396,Undirected
381,380,Undirected
393,384,Undirected
398,396,Undirected
396,383,Undirected
395,394,Undirected
314,313,Undirected
314,314,Undirected
315,315,Undirected
313,313,Undirected
317,316,Undirected
338,337,Undirected
311,310,Undirected
149,148,Undirected
225,224,Undirected
314,313,Undirected
314,314,Undirected
315,315,Undirected
313,313,Undirected
317,316,Undirected
338,337,Undirected
311,310,Undirected
149,148,Undirected
225,224,Undirected
314,313,Undirected
314,314,Undirected
315,315,Undirected
313,313,Undirected
317,316,Undirected
338,337,Undirected
311,310,Undirected
149,148,Undirected
225,224,Undirected
314,313,Undirected
314,314,Undirected
315,315,Undirected
313,313,Undirected
317,316,Undirected
338,337,Undirected
149,148,Undirected
102,101,Undirected
311,310,Undirected
314,313,Undirected
313,313,Undirected
116,224,Undirected
314,314,Undirected
116,241,Undirected
315,315,Undirected
116,311,Undirected
311,310,Undirected
317,316,Undirected
314,313,Undirected
313,313,Undirected
116,224,Undirected
314,314,Undirected
116,241,Undirected
315,315,Undirected
116,311,Undirected
311,310,Undirected
317,316,Undirected
314,313,Undirected
313,313,Undirected
116,224,Undirected
314,314,Undirected
116,241,Undirected
315,315,Undirected
116,311,Undirected
311,310,Undirected
317,316,Undirected
314,313,Undirected
314,314,Undirected
315,315,Undirected
313,313,Undirected
162,161,Undirected
418,417,Undirected
311,310,Undirected
102,101,Undirected
317,316,Undirected
314,313,Undirected
314,314,Undirected
225,224,Undirected
315,315,Undirected
313,313,Undirected
2,1,Undirected
4,1,Undirected
421,420,Undirected
315,315,Undirected
313,313,Undirected
314,314,Undirected
314,313,Undirected
422,116,Undirected
422,298,Undirected
8,224,Undirected
138,311,Undirected
8,241,Undirected
8,318,Undirected
8,225,Undirected
8,319,Undirected
8,312,Undirected
8,1,Undirected
8,320,Undirected
8,321,Undirected
8,224,Undirected
138,311,Undirected
8,241,Undirected
8,318,Undirected
8,225,Undirected
8,319,Undirected
8,312,Undirected
8,1,Undirected
8,320,Undirected
8,321,Undirected
314,313,Undirected
315,315,Undirected
314,314,Undirected
313,313,Undirected
418,417,Undirected
424,423,Undirected
426,425,Undirected
298,116,Undirected
313,313,Undirected
314,313,Undirected
314,314,Undirected
116,224,Undirected
315,315,Undirected
116,225,Undirected
225,224,Undirected
116,241,Undirected
314,314,Undirected
315,315,Undirected
313,313,Undirected
314,313,Undirected
422,298,Undirected
315,427,Undirected
311,310,Undirected
116,116,Undirected
429,428,Undirected
431,430,Undirected
433,432,Undirected
431,434,Undirected
428,430,Undirected
436,435,Undirected
429,437,Undirected
439,438,Undirected
428,434,Undirected
431,440,Undirected
431,430,Undirected
431,441,Undirected
431,434,Undirected
431,440,Undirected
431,442,Undirected
439,438,Undirected
431,443,Undirected
428,434,Undirected
429,428,Undirected
431,444,Undirected
431,430,Undirected
431,441,Undirected
431,440,Undirected
445,430,Undirected
446,430,Undirected
428,430,Undirected
431,434,Undirected
429,428,Undirected
448,447,Undirected
429,428,Undirected
433,432,Undirected
436,435,Undirected
429,437,Undirected
431,430,Undirected
449,428,Undirected
429,435,Undirected
428,430,Undirected
428,432,Undirected
450,442,Undirected
439,438,Undirected
450,447,Undirected
431,442,Undirected
451,442,Undirected
431,430,Undirected
438,442,Undirected
431,440,Undirected
431,441,Undirected
431,430,Undirected
450,442,Undirected
431,441,Undirected
431,434,Undirected
451,444,Undirected
452,443,Undirected
450,447,Undirected
439,438,Undirected
431,440,Undirected
448,447,Undirected
451,444,Undirected
453,444,Undirected
450,444,Undirected
450,447,Undirected
448,447,Undirected
431,444,Undirected
450,442,Undirected
431,430,Undirected
452,443,Undirected
454,443,Undirected
450,443,Undirected
448,447,Undirected
431,443,Undirected
452,447,Undirected
450,447,Undirected
8,443,Undirected
450,442,Undirected
450,447,Undirected
439,438,Undirected
450,444,Undirected
450,443,Undirected
431,430,Undirected
450,430,Undirected
429,428,Undirected
431,442,Undirected
431,440,Undirected
451,444,Undirected
451,442,Undirected
450,442,Undirected
439,438,Undirected
431,430,Undirected
455,451,Undirected
450,447,Undirected
457,456,Undirected
459,458,Undirected
461,460,Undirected
463,462,Undirected
466,465,Undirected
467,456,Undirected
468,460,Undirected
470,469,Undirected
457,456,Undirected
459,458,Undirected
461,460,Undirected
463,462,Undirected
466,465,Undirected
470,469,Undirected
467,460,Undirected
467,458,Undirected
457,456,Undirected
461,460,Undirected
459,458,Undirected
463,462,Undirected
466,465,Undirected
467,460,Undirected
468,460,Undirected
470,469,Undirected
457,456,Undirected
461,460,Undirected
459,458,Undirected
466,465,Undirected
463,462,Undirected
470,469,Undirected
467,460,Undirected
459,465,Undirected
463,462,Undirected
457,456,Undirected
466,465,Undirected
459,458,Undirected
463,462,Undirected
461,460,Undirected
466,471,Undirected
470,469,Undirected
467,460,Undirected
463,462,Undirected
457,456,Undirected
459,458,Undirected
463,462,Undirected
467,458,Undirected
461,460,Undirected
466,465,Undirected
467,456,Undirected
467,460,Undirected
470,469,Undirected
457,456,Undirected
459,458,Undirected
463,462,Undirected
467,458,Undirected
461,460,Undirected
466,465,Undirected
473,472,Undirected
467,460,Undirected
470,469,Undirected
457,456,Undirected
463,462,Undirected
459,458,Undirected
461,460,Undirected
466,465,Undirected
463,462,Undirected
470,469,Undirected
467,460,Undirected
466,471,Undirected
457,456,Undirected
459,458,Undirected
463,462,Undirected
461,460,Undirected
466,465,Undirected
459,465,Undirected
470,469,Undirected
467,460,Undirected
473,472,Undirected
457,456,Undirected
459,458,Undirected
463,462,Undirected
461,460,Undirected
470,469,Undirected
466,465,Undirected
467,460,Undirected
463,462,Undirected
466,469,Undirected
475,474,Undirected
476,474,Undirected
477,474,Undirected
479,478,Undirected
474,480,Undirected
481,477,Undirected
476,482,Undirected
483,474,Undirected
484,480,Undirected
485,483,Undirected
475,474,Undirected
476,474,Undirected
479,478,Undirected
477,474,Undirected
481,477,Undirected
476,482,Undirected
484,480,Undirected
475,474,Undirected
485,483,Undirected
474,480,Undirected
475,474,Undirected
479,478,Undirected
476,474,Undirected
477,474,Undirected
481,477,Undirected
476,482,Undirected
484,480,Undirected
475,474,Undirected
478,474,Undirected
485,483,Undirected
476,474,Undirected
475,474,Undirected
476,482,Undirected
479,478,Undirected
477,474,Undirected
481,477,Undirected
484,480,Undirected
485,483,Undirected
475,474,Undirected
474,480,Undirected
477,474,Undirected
475,474,Undirected
481,477,Undirected
476,474,Undirected
479,478,Undirected
476,482,Undirected
484,480,Undirected
485,483,Undirected
474,480,Undirected
475,474,Undirected
475,474,Undirected
474,480,Undirected
476,474,Undirected
481,477,Undirected
484,480,Undirected
479,478,Undirected
477,474,Undirected
476,482,Undirected
485,483,Undirected
475,474,Undirected
479,478,Undirected
476,474,Undirected
481,477,Undirected
477,474,Undirected
476,482,Undirected
484,480,Undirected
475,474,Undirected
485,483,Undirected
474,480,Undirected
475,474,Undirected
476,474,Undirected
477,474,Undirected
483,474,Undirected
479,478,Undirected
485,483,Undirected
481,477,Undirected
476,482,Undirected
484,480,Undirected
475,474,Undirected
476,474,Undirected
479,478,Undirected
481,477,Undirected
476,482,Undirected
477,474,Undirected
484,480,Undirected
486,474,Undirected
485,483,Undirected
474,480,Undirected
481,477,Undirected
475,474,Undirected
477,474,Undirected
479,478,Undirected
476,474,Undirected
476,482,Undirected
484,480,Undirected
485,483,Undirected
474,480,Undirected
475,474,Undirected
488,487,Undirected
490,489,Undirected
491,488,Undirected
491,492,Undirected
494,493,Undirected
496,495,Undirected
490,497,Undirected
490,489,Undirected
488,487,Undirected
490,497,Undirected
491,492,Undirected
491,488,Undirected
496,495,Undirected
494,493,Undirected
499,498,Undirected
488,487,Undirected
490,489,Undirected
491,492,Undirected
491,488,Undirected
496,495,Undirected
494,493,Undirected
490,497,Undirected
499,498,Undirected
487,493,Undirected
490,489,Undirected
488,487,Undirected
491,492,Undirected
496,495,Undirected
491,488,Undirected
490,497,Undirected
494,493,Undirected
499,498,Undirected
500,497,Undirected
490,489,Undirected
488,487,Undirected
494,493,Undirected
491,492,Undirected
491,488,Undirected
496,495,Undirected
490,497,Undirected
499,498,Undirected
488,487,Undirected
491,488,Undirected
490,489,Undirected
491,492,Undirected
496,495,Undirected
494,493,Undirected
499,498,Undirected
490,497,Undirected
490,489,Undirected
490,497,Undirected
488,487,Undirected
491,492,Undirected
500,497,Undirected
496,495,Undirected
491,488,Undirected
501,497,Undirected
499,498,Undirected
488,487,Undirected
491,492,Undirected
490,489,Undirected
496,495,Undirected
499,498,Undirected
491,488,Undirected
494,493,Undirected
494,492,Undirected
490,497,Undirected
488,487,Undirected
490,489,Undirected
491,492,Undirected
491,488,Undirected
496,495,Undirected
499,498,Undirected
494,493,Undirected
490,489,Undirected
488,487,Undirected
499,498,Undirected
491,492,Undirected
496,495,Undirected
491,488,Undirected
490,497,Undirected
494,493,Undirected
487,493,Undirected
503,502,Undirected
505,504,Undirected
502,506,Undirected
508,507,Undirected
503,505,Undirected
509,502,Undirected
511,510,Undirected
502,505,Undirected
503,502,Undirected
505,504,Undirected
502,506,Undirected
508,507,Undirected
503,505,Undirected
511,510,Undirected
512,506,Undirected
503,502,Undirected
505,504,Undirected
508,507,Undirected
503,505,Undirected
502,506,Undirected
502,505,Undirected
503,502,Undirected
505,504,Undirected
502,506,Undirected
508,507,Undirected
503,505,Undirected
512,506,Undirected
507,506,Undirected
511,510,Undirected
503,502,Undirected
505,504,Undirected
508,507,Undirected
502,506,Undirected
503,505,Undirected
502,504,Undirected
512,506,Undirected
503,502,Undirected
505,504,Undirected
508,507,Undirected
502,506,Undirected
503,505,Undirected
512,506,Undirected
507,502,Undirected
507,506,Undirected
503,502,Undirected
505,504,Undirected
508,507,Undirected
502,506,Undirected
503,505,Undirected
512,506,Undirected
511,510,Undirected
503,502,Undirected
505,504,Undirected
508,507,Undirected
502,506,Undirected
503,505,Undirected
512,506,Undirected
511,510,Undirected
503,502,Undirected
509,502,Undirected
505,504,Undirected
502,506,Undirected
508,507,Undirected
503,505,Undirected
512,506,Undirected
503,502,Undirected
505,504,Undirected
508,507,Undirected
502,506,Undirected
503,505,Undirected
511,510,Undirected
512,506,Undirected
502,505,Undirected
514,513,Undirected
516,515,Undirected
518,517,Undirected
514,519,Undirected
521,520,Undirected
523,522,Undirected
525,524,Undirected
527,526,Undirected
529,528,Undirected
514,520,Undirected
514,513,Undirected
518,517,Undirected
516,515,Undirected
520,517,Undirected
521,520,Undirected
527,526,Undirected
525,524,Undirected
529,528,Undirected
523,522,Undirected
524,526,Undirected
514,513,Undirected
518,517,Undirected
516,515,Undirected
521,520,Undirected
525,524,Undirected
527,526,Undirected
523,522,Undirected
529,528,Undirected
514,519,Undirected
531,530,Undirected
514,513,Undirected
521,520,Undirected
520,517,Undirected
516,515,Undirected
518,517,Undirected
527,526,Undirected
525,524,Undirected
529,528,Undirected
514,520,Undirected
523,522,Undirected
514,513,Undirected
525,524,Undirected
516,515,Undirected
518,517,Undirected
527,526,Undirected
521,520,Undirected
524,526,Undirected
529,528,Undirected
520,517,Undirected
523,522,Undirected
514,513,Undirected
527,526,Undirected
516,515,Undirected
518,517,Undirected
525,524,Undirected
521,520,Undirected
524,526,Undirected
529,528,Undirected
520,517,Undirected
523,522,Undirected
516,515,Undirected
514,513,Undirected
518,517,Undirected
525,524,Undirected
527,526,Undirected
521,520,Undirected
520,517,Undirected
533,532,Undirected
514,519,Undirected
516,515,Undirected
514,513,Undirected
518,517,Undirected
527,526,Undirected
525,524,Undirected
521,520,Undirected
520,517,Undirected
514,519,Undirected
514,516,Undirected
518,517,Undirected
514,513,Undirected
521,520,Undirected
527,526,Undirected
525,524,Undirected
529,528,Undirected
534,518,Undirected
523,522,Undirected
516,515,Undirected
516,515,Undirected
514,513,Undirected
518,517,Undirected
527,526,Undirected
521,520,Undirected
525,524,Undirected
520,517,Undirected
533,532,Undirected
514,519,Undirected
529,528,Undirected
311,310,Undirected
312,311,Undirected
312,535,Undirected
138,311,Undirected
312,536,Undirected
116,311,Undirected
312,537,Undirected
312,310,Undirected
311,310,Undirected
312,311,Undirected
312,535,Undirected
312,536,Undirected
138,311,Undirected
312,310,Undirected
116,311,Undirected
312,538,Undirected
311,310,Undirected
312,535,Undirected
312,310,Undirected
312,536,Undirected
312,311,Undirected
312,537,Undirected
138,539,Undirected
311,310,Undirected
312,535,Undirected
312,536,Undirected
312,310,Undirected
312,537,Undirected
312,311,Undirected
138,539,Undirected
311,310,Undirected
312,535,Undirected
312,536,Undirected
311,535,Undirected
312,538,Undirected
138,540,Undirected
542,541,Undirected
311,310,Undirected
312,311,Undirected
312,535,Undirected
312,536,Undirected
116,311,Undirected
544,543,Undirected
544,545,Undirected
542,541,Undirected
311,310,Undirected
312,311,Undirected
542,541,Undirected
312,536,Undirected
312,535,Undirected
541,311,Undirected
116,311,Undirected
311,310,Undirected
312,535,Undirected
312,536,Undirected
547,546,Undirected
312,537,Undirected
546,548,Undirected
544,543,Undirected
311,549,Undirected
311,310,Undirected
312,538,Undirected
312,535,Undirected
550,538,Undirected
312,536,Undirected
312,311,Undirected
552,551,Undirected
311,538,Undirected
8,224,Undirected
138,311,Undirected
8,241,Undirected
8,318,Undirected
8,225,Undirected
8,319,Undirected
8,312,Undirected
8,1,Undirected
8,320,Undirected
8,321,Undirected
8,224,Undirected
138,311,Undirected
8,241,Undirected
8,318,Undirected
8,225,Undirected
8,319,Undirected
8,312,Undirected
8,1,Undirected
8,320,Undirected
8,321,Undirected
554,553,Undirected
555,554,Undirected
555,556,Undirected
553,556,Undirected
555,553,Undirected
554,556,Undirected
553,556,Undirected
554,557,Undirected
555,554,Undirected
555,556,Undirected
554,553,Undirected
555,553,Undirected
553,556,Undirected
553,556,Undirected
8,555,Undirected
554,556,Undirected
554,553,Undirected
555,553,Undirected
555,556,Undirected
555,554,Undirected
553,556,Undirected
553,556,Undirected
554,556,Undirected
8,553,Undirected
555,556,Undirected
554,553,Undirected
555,554,Undirected
553,556,Undirected
553,556,Undirected
554,556,Undirected
555,553,Undirected
8,556,Undirected
559,558,Undirected
561,560,Undirected
559,562,Undirected
559,563,Undirected
561,564,Undirected
565,559,Undirected
566,559,Undirected
568,567,Undirected
561,569,Undirected
571,570,Undirected
571,572,Undirected
571,573,Undirected
571,574,Undirected
574,573,Undirected
572,574,Undirected
576,575,Undirected
571,577,Undirected
571,570,Undirected
571,573,Undirected
574,573,Undirected
570,578,Undirected
579,573,Undirected
571,572,Undirected
570,573,Undirected
578,579,Undirected
570,574,Undirected
571,572,Undirected
572,574,Undirected
571,570,Undirected
574,573,Undirected
571,573,Undirected
571,574,Undirected
580,572,Undirected
581,572,Undirected
572,574,Undirected
571,573,Undirected
574,573,Undirected
571,570,Undirected
571,572,Undirected
579,573,Undirected
570,573,Undirected
571,574,Undirected
572,574,Undirected
578,579,Undirected
554,553,Undirected
554,582,Undirected
582,553,Undirected
555,556,Undirected
555,554,Undirected
583,582,Undirected
554,557,Undirected
582,584,Undirected
8,582,Undirected
555,582,Undirected
314,313,Undirected
314,314,Undirected
315,315,Undirected
313,313,Undirected
317,316,Undirected
338,337,Undirected
311,310,Undirected
149,148,Undirected
225,224,Undirected
338,337,Undirected
585,337,Undirected
585,586,Undirected
407,406,Undirected
338,413,Undirected
406,409,Undirected
337,408,Undirected
585,322,Undirected
407,408,Undirected
585,587,Undirected
314,313,Undirected
313,313,Undirected
116,224,Undirected
314,314,Undirected
116,241,Undirected
315,315,Undirected
116,311,Undirected
311,310,Undirected
317,316,Undirected
314,313,Undirected
314,314,Undirected
315,315,Undirected
313,313,Undirected
317,316,Undirected
338,337,Undirected
149,148,Undirected
102,101,Undirected
311,310,Undirected
588,585,Undirected
590,589,Undirected
592,591,Undirected
594,593,Undirected
596,595,Undirected
302,301,Undirected
598,597,Undirected
600,599,Undirected
602,601,Undirected
127,602,Undirected
604,603,Undirected
604,605,Undirected
588,585,Undirected
606,605,Undirected
608,607,Undirected
585,609,Undirected
610,603,Undirected
604,603,Undirected
604,605,Undirected
610,611,Undirected
606,605,Undirected
610,603,Undirected
588,585,Undirected
608,607,Undirected
604,603,Undirected
604,605,Undirected
610,611,Undirected
588,585,Undirected
613,612,Undirected
615,614,Undirected
314,313,Undirected
313,313,Undirected
585,609,Undirected
422,116,Undirected
617,616,Undirected
616,618,Undirected
616,619,Undirected
620,616,Undirected
8,616,Undirected
313,616,Undirected
621,619,Undirected
616,619,Undirected
616,618,Undirected
617,616,Undirected
616,619,Undirected
313,616,Undirected
617,618,Undirected
8,616,Undirected
8,618,Undirected
620,616,Undirected
620,616,Undirected
616,619,Undirected
621,619,Undirected
620,622,Undirected
616,619,Undirected
617,616,Undirected
616,618,Undirected
617,618,Undirected
620,617,Undirected
8,616,Undirected
617,616,Undirected
616,618,Undirected
616,619,Undirected
313,616,Undirected
617,618,Undirected
617,619,Undirected
8,616,Undirected
620,616,Undirected
616,619,Undirected
617,616,Undirected
621,619,Undirected
616,619,Undirected
617,619,Undirected
620,616,Undirected
616,618,Undirected
313,616,Undirected
8,616,Undirected
617,616,Undirected
616,618,Undirected
313,616,Undirected
616,619,Undirected
617,618,Undirected
8,618,Undirected
